{"cameraMode":{"drawMode":0,"name":"Shaded","section":"Shading Mode"},"sceneLighting":true,"audioPlay":false,"sceneViewState":{"m_AlwaysRefresh":false,"showFog":true,"showSkybox":true,"showFlares":true,"showImageEffects":true,"showParticleSystems":true,"showVisualEffectGraphs":true,"m_FxEnabled":true},"in2DMode":false,"pivot":{"x":303.5796813964844,"y":115.90894317626953,"z":294.5343322753906},"rotation":{"x":0.06072838604450226,"y":-0.9235354065895081,"z":0.16771245002746583,"w":0.33820727467536929},"size":20.84458351135254,"orthographic":false}