{"cameraMode":{"drawMode":0,"name":"Shaded","section":"Shading Mode"},"sceneLighting":false,"audioPlay":false,"sceneViewState":{"m_AlwaysRefresh":false,"showFog":true,"showSkybox":false,"showFlares":true,"showImageEffects":true,"showParticleSystems":true,"showVisualEffectGraphs":true,"m_FxEnabled":true},"in2DMode":false,"pivot":{"x":0.9317467212677002,"y":-0.2223842293024063,"z":1.4994653463363648},"rotation":{"x":0.00543003436177969,"y":-0.9943950176239014,"z":0.07983225584030152,"w":0.06815795600414276},"size":1.1056673526763917,"orthographic":false}