{"cameraMode":{"drawMode":0,"name":"Shaded","section":"Shading Mode"},"sceneLighting":false,"audioPlay":false,"sceneViewState":{"m_AlwaysRefresh":false,"showFog":true,"showSkybox":false,"showFlares":true,"showImageEffects":true,"showParticleSystems":true,"showVisualEffectGraphs":true,"m_FxEnabled":true},"in2DMode":false,"pivot":{"x":-0.1715211123228073,"y":-0.007868344895541668,"z":2.2640469074249269},"rotation":{"x":-0.007812991738319397,"y":-0.9918765425682068,"z":0.07662893086671829,"w":-0.10058674216270447},"size":1.1056673526763917,"orthographic":false}