{"cameraMode":{"drawMode":0,"name":"Shaded","section":"Shading Mode"},"sceneLighting":true,"audioPlay":false,"sceneViewState":{"m_AlwaysRefresh":false,"showFog":true,"showSkybox":true,"showFlares":true,"showImageEffects":true,"showParticleSystems":true,"showVisualEffectGraphs":true,"m_FxEnabled":true},"in2DMode":false,"pivot":{"x":-2.0223076343536379,"y":0.3136496841907501,"z":-0.9127063751220703},"rotation":{"x":0.08107738941907883,"y":0.5895398259162903,"z":-0.05961132422089577,"w":0.8014094829559326},"size":0.033974647521972659,"orthographic":false}