{"cameraMode":{"drawMode":0,"name":"Shaded","section":"Shading Mode"},"sceneLighting":true,"audioPlay":false,"sceneViewState":{"m_AlwaysRefresh":false,"showFog":true,"showSkybox":true,"showFlares":true,"showImageEffects":true,"showParticleSystems":true,"showVisualEffectGraphs":true,"m_FxEnabled":true},"in2DMode":false,"pivot":{"x":36.1515998840332,"y":108.63211822509766,"z":-137.06614685058595},"rotation":{"x":0.017877178266644479,"y":-0.4807085692882538,"z":-0.009804285131394863,"w":-0.8766236901283264},"size":12.12435531616211,"orthographic":false}