{"cameraMode":{"drawMode":0,"name":"Shaded","section":"Shading Mode"},"sceneLighting":true,"audioPlay":false,"sceneViewState":{"m_AlwaysRefresh":false,"showFog":true,"showSkybox":true,"showFlares":true,"showImageEffects":true,"showParticleSystems":true,"showVisualEffectGraphs":true,"m_FxEnabled":true},"in2DMode":false,"pivot":{"x":5.234961986541748,"y":-0.24054253101348878,"z":-18.28321075439453},"rotation":{"x":-0.007386543322354555,"y":-0.9876036643981934,"z":0.048930585384368899,"w":-0.14862099289894105},"size":12.12435531616211,"orthographic":false}