{"cameraMode":{"drawMode":0,"name":"Shaded","section":"Shading Mode"},"sceneLighting":true,"audioPlay":false,"sceneViewState":{"m_AlwaysRefresh":false,"showFog":true,"showSkybox":true,"showFlares":true,"showImageEffects":true,"showParticleSystems":true,"showVisualEffectGraphs":true,"m_FxEnabled":true},"in2DMode":false,"pivot":{"x":-34.10345458984375,"y":23.336105346679689,"z":-22.424850463867189},"rotation":{"x":0.31535983085632326,"y":0.34328529238700869,"z":-0.12360776215791702,"w":0.8759042620658875},"size":9.390141487121582,"orthographic":false}