{"cameraMode":{"drawMode":0,"name":"Shaded","section":"Shading Mode"},"sceneLighting":false,"audioPlay":false,"sceneViewState":{"m_AlwaysRefresh":false,"showFog":true,"showSkybox":false,"showFlares":true,"showImageEffects":true,"showParticleSystems":true,"showVisualEffectGraphs":true,"m_FxEnabled":true},"in2DMode":false,"pivot":{"x":2.7570228576660158,"y":0.9445157051086426,"z":2.6482627391815187},"rotation":{"x":0.09058985859155655,"y":-0.8425243496894836,"z":0.14994171261787415,"w":0.5092025399208069},"size":0.08660251647233963,"orthographic":false}